cricket/001.txt,JDKC-105M
cricket/002.txt,PUQK-674B
cricket/003.txt,VPBC-005
cricket/004.txt,YWCE-738I
cricket/005.txt,GHXO-669P
cricket/006.txt,KAWQ-187J
cricket/007.txt,SOCR-012L
cricket/008.txt,KDHH-278R
cricket/009.txt,JLCK-314G
cricket/010.txt,QXYP-302
cricket/011.txt,KBIU-888S
cricket/012.txt,AYEY-671H
cricket/013.txt,KKXQ-499
cricket/014.txt,ZVCZ-635K
cricket/015.txt,HRAM-828D
cricket/016.txt,HHIF-616S
cricket/017.txt,MLGR-878X
cricket/018.txt,NIXS-836H
cricket/019.txt,OESP-334
cricket/020.txt,MQHK-220P
cricket/021.txt,BWQF-732
cricket/022.txt,AOXA-744D
cricket/023.txt,AMCX-238Z
cricket/024.txt,ZRLB-963
cricket/025.txt,ZJXS-236K
cricket/026.txt,OGVB-726B
cricket/027.txt,OTPT-625L
cricket/028.txt,DLOI-457S
cricket/029.txt,UGNG-987P
cricket/030.txt,VLGL-512K
cricket/031.txt,MEVF-928T
cricket/032.txt,XTUU-890C
cricket/033.txt,LMFL-110
cricket/034.txt,PIGH-858P
cricket/035.txt,RIZC-127R
cricket/036.txt,YBHW-577V
cricket/037.txt,CRGU-326
cricket/038.txt,EXMG-013B
cricket/039.txt,XBFV-441P
cricket/040.txt,PTXN-906
cricket/041.txt,AJUO-808R
cricket/042.txt,FZHV-289W
cricket/043.txt,IFWQ-428L
cricket/044.txt,GFIB-810N
cricket/045.txt,LNQR-256
cricket/046.txt,PVYR-593X
cricket/047.txt,CXWG-362
cricket/048.txt,AVVP-372N
cricket/049.txt,HIKP-557S
cricket/050.txt,JMGH-608I
cricket/051.txt,RZIA-145G
cricket/052.txt,IBKV-251K
cricket/053.txt,KTUL-361B
cricket/054.txt,PUZZ-195H
cricket/055.txt,RSHE-829
cricket/056.txt,BTAR-174V
cricket/057.txt,TSAM-385Q
cricket/058.txt,RSYY-734T
cricket/059.txt,SSUD-401
cricket/060.txt,SBAC-693P
cricket/061.txt,LFWR-772Y
cricket/062.txt,TSBI-281
cricket/063.txt,RINK-392
cricket/064.txt,ETZD-846
cricket/065.txt,GQMX-983
cricket/066.txt,GGJQ-271
cricket/067.txt,PHYU-165S
cricket/068.txt,HLNI-938D
cricket/069.txt,PIMH-385U
cricket/070.txt,LWEW-582E
cricket/071.txt,BTCD-438F
cricket/072.txt,EJFC-205
cricket/073.txt,XWBA-608
cricket/074.txt,UGXI-811F
cricket/075.txt,FICA-623T
cricket/076.txt,AWMI-088K
cricket/077.txt,YSNS-697P
cricket/078.txt,YZJY-617P
cricket/079.txt,XFXG-118T
cricket/080.txt,AEBA-345H
cricket/081.txt,SDNM-432V
cricket/082.txt,FZHJ-523
cricket/083.txt,MEYM-146
cricket/084.txt,ELPI-149T
cricket/085.txt,USJW-494
cricket/086.txt,OJIB-671D
cricket/087.txt,ANKW-165P
cricket/088.txt,EFHN-444
cricket/089.txt,MGOB-327W
cricket/090.txt,WDCS-487
cricket/091.txt,EALY-521Z
cricket/092.txt,FRPL-275B
cricket/093.txt,FLZT-426
cricket/094.txt,CFQJ-830
cricket/095.txt,SPIL-111S
cricket/096.txt,HNRN-134B
cricket/097.txt,UDND-112
cricket/098.txt,EZDK-705A
cricket/099.txt,JJWD-835
cricket/100.txt,ESHL-668Y
cricket/101.txt,LXNO-661O
cricket/102.txt,YCUZ-432
cricket/103.txt,HQRE-637M
cricket/104.txt,TQCI-200A
cricket/105.txt,ZQTE-982B
cricket/106.txt,CFHG-288
cricket/107.txt,UJKR-627
cricket/108.txt,YHWW-255C
cricket/109.txt,AMLY-573J
cricket/110.txt,RHGF-926Y
cricket/111.txt,VYRH-360S
cricket/112.txt,AMRX-523T
cricket/113.txt,GPEK-672T
cricket/114.txt,AGCR-591A
cricket/115.txt,WNFK-465I
cricket/116.txt,EEMR-682A
cricket/117.txt,XMBY-038T
cricket/118.txt,ETJN-385Z
cricket/119.txt,ZFZV-394
cricket/120.txt,BLVY-265
cricket/121.txt,ERRM-330E
cricket/122.txt,JFGO-085F
cricket/123.txt,KGPU-366S
cricket/124.txt,PMFQ-998Z
